City,City ID,Cloudiness,Country,Date,Humidity,Latitude,Longtitude,Max Temp,Wind Speed
Kutum,371745,20,SD,1529783152,75,14.2,24.66,67.26,3.98
Katakwi,231947,76,UG,1529783153,100,1.91,33.96,62.58,2.19
Liliani,1171991,0,PK,1529783153,64,32.21,72.95,81.84,3.53
Vilyuysk,2013392,12,RU,1529783153,83,63.75,121.63,64.38,2.86
Deputatskiy,2028164,0,RU,1529783154,31,69.3,139.9,62.67,4.09
Chunian,1180942,44,PK,1529783154,69,30.96,73.98,82.83,2.98
Mumford,2297810,24,GH,1529783154,94,5.26,-0.76,74.91,5.88
Beidao,1816751,92,CN,1529783155,78,34.57,105.89,67.8,4.21
Uruzgan,1131462,0,AF,1529783155,64,32.93,66.63,42.06,1.97
Ati,2436400,64,TD,1529783155,83,13.21,18.34,73.92,2.98
NEDJO,330120,92,ET,1529783155,97,9.5,35.5,58.98,3.42
Ayorou,2447416,8,NE,1529783156,32,14.73,0.92,93.0,7.34
Santa Vitoria,3662927,20,BR,1529783156,56,-7.82,-67.03,88.05,3.65
Jiexiu,1805833,36,CN,1529783157,84,37.02,111.92,61.5,3.98
Kamuli,232397,12,UG,1529783157,99,0.94,33.12,63.03,2.75
Moroto,229112,8,UG,1529783157,97,2.53,34.66,57.18,3.2
Sokode,2364104,48,TG,1529783158,93,8.98,1.13,73.29,3.98
Wana,1162634,0,PK,1529783158,92,32.31,69.59,54.75,1.97
Tandalti,366426,68,SD,1529783158,85,13.01,31.87,73.92,8.01
Gewane,336745,100,ET,1529783158,23,10.16,40.66,89.13,9.57
Polovinnoye,1494523,56,RU,1529783159,77,54.79,65.99,59.16,9.46
Balakhta,1510998,0,RU,1529783159,83,55.38,91.62,57.09,2.42
Mitha Tiwana,1170222,8,PK,1529783159,61,32.24,72.11,81.3,4.65
Yagodnoye,2119626,36,RU,1529783160,26,62.52,149.63,65.55,2.98
Berdigestyakh,2026861,100,RU,1529783160,81,62.1,126.7,62.22,2.42
Rosario,3440747,0,UY,1529783161,62,-34.31,-57.35,52.59,14.5
Suhbaatar,2029156,20,MN,1529783161,84,50.23,106.21,52.41,3.98
Ushuaia,3833367,75,AR,1529780400,100,-54.81,-68.31,32.0,20.8
Yasnyy,552256,0,RU,1529783161,74,64.04,44.09,55.65,3.53
Jos,2335953,44,NG,1529782884,97,9.92,8.9,63.21,2.75
Zhezkazgan,1516589,64,KZ,1529783162,39,47.8,67.71,69.33,9.8
Bam,141736,0,IR,1529783162,30,29.11,58.36,71.76,1.41
Venado Tuerto,3833062,0,AR,1529783163,61,-33.75,-61.97,51.96,16.62
Poltavka,1494500,36,RU,1529783163,85,54.36,71.76,57.18,5.32
Sohag,347796,0,EG,1529783163,29,26.55,31.7,86.97,10.8
Orlovskiy,514796,92,RU,1529783164,26,46.87,42.05,80.4,10.8
Bayan,2030079,100,MN,1529783164,98,47.25,107.54,52.41,10.47
Mogzon,2019884,92,RU,1529783165,81,51.74,111.97,54.03,3.76
Churapcha,2025241,80,RU,1529783165,73,62.0,132.43,63.66,2.75
Campina Grande do Sul,3467877,0,BR,1529780400,40,-25.3,-49.05,73.4,10.29
Shar,2347266,92,NG,1529783166,99,7.3,8.73,69.6,2.98
Pingliang,1798760,92,CN,1529783166,83,35.54,106.68,63.93,2.42
Yumen,1528998,0,CN,1529783167,66,40.29,97.04,56.91,7.56
Parana,3663516,75,BR,1529780400,66,-7.52,-72.89,84.2,5.82
Aswan,359792,0,EG,1529780400,16,24.09,32.9,100.4,10.29
Baiyin,1817240,0,CN,1529780400,59,36.55,104.13,66.2,8.95
Leningradskiy,2123814,20,RU,1529783043,91,69.38,178.42,34.05,16.73
Hobyo,57000,24,SO,1529783051,76,5.35,48.53,76.98,22.88
Wajir,178443,48,KE,1529783168,71,1.75,40.07,75.9,12.03
Avarua,4035715,20,CK,1529780400,83,-21.21,-159.78,78.8,3.36
Baoying,1816890,0,CN,1529783169,95,33.24,119.31,66.9,7.78
Dabat,340358,8,ET,1529783170,93,12.98,37.77,55.2,1.52
Nikki,2392505,32,BJ,1529783170,92,9.94,3.21,74.01,8.01
Bayangol,2030159,36,MN,1529783170,72,48.91,106.09,54.75,5.99
Sao Jose da Coroa Grande,3388456,92,BR,1529783171,84,-8.9,-35.15,75.9,10.47
Ust-Kuyga,2013921,8,RU,1529783171,48,70.0,135.55,64.92,4.21
Bella Union,3681990,12,CO,1529783171,57,8.5,-73.35,81.66,3.09
Qandala,53157,80,SO,1529783172,67,11.47,49.87,77.16,1.74
Kassala,372753,0,SD,1529782975,69,15.45,36.38,76.71,5.21
Puerto Madryn,3840092,0,AR,1529783148,92,-42.77,-65.04,42.15,23.44
Ishim,1505453,88,RU,1529783173,97,56.11,69.47,57.45,6.89
Muromtsevo,1498205,0,RU,1529783173,87,56.37,75.24,51.87,3.42
Lichuan,1803782,68,CN,1529783173,97,30.3,108.94,67.8,2.3
Mingaora,1170395,36,PK,1529783174,45,34.78,72.36,66.18,2.64
Kaura Namoda,2334756,12,NG,1529783158,95,12.59,6.58,71.58,1.97
Ust-Kut,2013923,12,RU,1529783174,88,56.78,105.75,53.13,2.86
Videira,3445126,48,BR,1529783174,57,-27.01,-51.15,66.36,8.46
Georgetown,3378644,75,GY,1529780400,66,6.8,-58.16,87.8,11.41
Kaka,161901,0,TM,1529783176,66,37.35,59.62,63.66,2.64
San Francisco,5391959,1,US,1529782500,29,37.78,-122.42,96.8,4.7
Toktogul,1538648,68,KG,1529783176,92,41.87,72.95,42.87,1.86
Juba,587450,88,EE,1529779800,67,57.82,26.93,60.8,2.24
Carnot,2387495,12,CF,1529783186,97,4.94,15.87,66.9,3.98
Bahia Blanca,3865086,0,AR,1529783186,66,-38.72,-62.27,43.32,18.97
Kamoke,1175088,8,PK,1529780400,55,31.97,74.22,89.6,4.7
Duldurga,2024812,92,RU,1529783187,100,50.67,113.59,58.26,5.32
Petukhovo,1495022,88,RU,1529783188,96,55.06,67.89,57.63,4.76
Mulchen,3879200,20,CL,1529780400,67,-37.72,-72.23,59.0,9.17
Castro,3896218,0,CL,1529783189,84,-42.48,-73.76,41.16,3.42
Okoneshnikovo,1496329,32,RU,1529783756,72,54.84,75.08,56.19,4.21
Marzuq,72181,88,YE,1529783189,15,14.4,46.47,84.36,6.44
Pevek,2122090,0,RU,1529783190,71,69.7,170.27,45.21,4.99
Kidal,2455290,92,ML,1529783190,19,18.44,1.41,92.55,6.44
Buta,217570,20,CD,1529783190,97,2.79,24.73,67.71,2.19
Sergeyevka,1519385,8,KZ,1529783191,88,53.88,67.42,55.2,3.31
Watsa,204283,24,CD,1529783191,98,3.04,29.53,63.48,2.19
Diamantino,3464724,0,BR,1529783191,55,-14.4,-56.44,81.57,4.43
Linhares,3458498,20,BR,1529783192,79,-19.38,-40.06,73.74,7.0
Dir,2236015,32,CM,1529783192,97,6.33,13.54,64.65,2.98
Dukat,786562,8,RS,1529783193,83,42.44,22.31,45.93,2.19
Vikhorevka,2013399,0,RU,1529780400,72,56.12,101.17,59.0,2.24
Comodoro Rivadavia,3860443,0,AR,1529780400,24,-45.87,-67.48,44.6,16.11
Porciuncula,3453010,0,BR,1529783194,77,-20.96,-42.04,67.35,2.86
Alvinopolis,3472406,0,BR,1529783194,71,-20.11,-43.05,66.9,5.77
Belaya Gora,2126785,0,RU,1529783099,49,68.54,146.19,56.1,9.01
Dauriya,2025099,92,RU,1529783194,81,49.93,116.85,61.95,12.82
Constitucion,4011743,40,MX,1529779260,47,23.99,-104.67,75.2,4.76
Martyush,1499288,44,RU,1529783195,61,56.4,61.89,62.58,6.22
Paracuru,3393115,0,BR,1529780400,62,-3.41,-39.03,84.2,20.8
Asyut,359783,0,EG,1529780400,35,27.18,31.19,87.8,18.34
Adrar,2508813,0,DZ,1529780400,9,27.87,-0.29,104.0,11.41
Jalu,86049,0,LY,1529783040,32,29.03,21.55,86.43,9.24
Kysyl-Syr,2021017,76,RU,1529783196,65,63.9,122.77,64.38,3.31
Borogontsy,2026160,92,RU,1529783197,60,62.67,131.17,64.2,2.75
Chokurdakh,2126123,0,RU,1529783197,85,70.62,147.9,41.43,8.46
Yinchuan,1786657,80,CN,1529783198,55,38.48,106.21,74.1,6.22
Plast,1494907,32,RU,1529783198,56,54.37,60.81,64.38,10.47
Nizhnevartovsk,1497543,75,RU,1529780400,93,60.93,76.58,57.2,15.66
Dori,2361082,48,BF,1529783199,82,14.03,-0.03,77.25,4.43
Arraial do Cabo,3471451,0,BR,1529780400,61,-22.97,-42.02,78.8,13.87
Hun,2790471,68,BE,1529781900,67,50.34,4.87,64.4,3.36
Tengzhou,1793036,36,CN,1529783202,72,35.11,117.16,70.32,7.0
Talcahuano,3870282,0,CL,1529780400,62,-36.72,-73.12,57.2,13.87
Sur,286245,24,OM,1529783202,86,22.57,59.53,88.23,4.09
Butajira,341297,8,ET,1529783203,93,8.12,38.38,46.11,2.75
Okhotsk,2122605,44,RU,1529783203,85,59.36,143.24,54.75,3.98
Kontagora,2334008,56,NG,1529783161,92,10.4,5.47,74.55,4.09
Guarapari,3461888,20,BR,1529780400,74,-20.67,-40.5,80.6,13.87
Pozo Colorado,3437443,92,PY,1529783204,47,-23.49,-58.8,84.54,14.5
Tevriz,1489661,12,RU,1529783204,96,57.51,72.4,51.87,2.64
Birnin Kebbi,2347059,8,NG,1529783204,81,12.45,4.2,79.5,7.0
Moreira Sales,3456763,0,BR,1529783205,62,-24.05,-53.01,71.85,5.88
Markova,2023469,0,RU,1529780400,87,52.21,104.21,51.8,2.24
Zaton,690285,92,UA,1529783205,100,49.77,33.77,63.66,13.6
Arlit,2447513,64,NE,1529783206,42,18.74,7.39,86.25,3.09
Belyy Yar,1510377,0,RU,1529780400,82,53.6,91.39,57.2,2.24
Ust-Koksa,1488167,56,RU,1529783206,67,50.27,85.62,48.63,1.86
Itapeva,3460723,76,BR,1529783207,58,-23.98,-48.88,69.24,4.65
Chivilcoy,3861344,0,AR,1529783121,51,-34.9,-60.02,50.16,16.17
Kalga,2023286,88,RU,1529783207,79,50.92,118.9,60.06,3.76
Nisia Floresta,3393922,20,BR,1529780400,58,-6.09,-35.21,82.4,18.34
Wanlaweyn,50672,88,SO,1529783208,74,2.62,44.89,76.98,12.59
Zhanakorgan,1517323,8,KZ,1529783208,39,43.91,67.25,66.36,4.43
Tabuk,1684803,88,PH,1529783208,96,17.41,121.44,68.7,1.74
Sabha,2212775,0,LY,1529783209,25,27.03,14.43,85.08,11.7
Chik,1507873,40,RU,1529780400,93,54.99,82.44,60.8,5.1
Taksimo,2015701,92,RU,1529783210,99,56.36,114.84,54.12,2.42
Hargeysa,57289,92,SO,1529783014,36,9.56,44.06,73.65,7.0
Lyantonde,229599,8,UG,1529783210,94,-0.41,31.15,59.25,4.43
Hailar,2037078,92,CN,1529783210,69,49.2,119.7,61.95,15.61
Ibra,287832,36,OM,1529783211,36,22.69,58.55,76.89,0.63
Goure,2444219,24,NE,1529783211,43,13.98,10.27,86.97,9.8
Jacareacanga,3397763,0,BR,1529783211,48,-6.22,-57.76,89.85,2.08
Kalanwali,1268469,8,IN,1529783212,64,29.83,74.98,83.46,2.75
Aracati,3407378,12,BR,1529783212,41,-4.56,-37.77,87.24,10.92
Cotonou,2394819,40,BJ,1529780400,88,6.37,2.43,78.8,11.41
Tessalit,2449893,20,ML,1529783222,17,20.2,1.01,86.25,4.99
Tigil,2120612,0,RU,1529783222,68,57.8,158.67,57.54,9.01
Itarema,3393692,20,BR,1529783223,60,-2.92,-39.92,84.18,16.17
San Rafael,3836669,8,AR,1529783224,45,-34.61,-68.33,46.02,8.57
Seydi,2448024,12,NE,1529783224,93,13.34,7.75,73.2,6.67
Matinha,3395122,24,BR,1529783224,100,-3.1,-45.04,75.99,4.65
Manaus,3663517,40,BR,1529780400,62,-3.13,-59.98,89.6,4.7
Garowe,58933,68,SO,1529783225,39,8.41,48.48,85.35,14.83
Atbasar,1526038,0,KZ,1529783226,80,51.81,68.36,57.27,2.86
Bagdarin,2027244,92,RU,1529783226,99,54.44,113.59,52.14,2.98
Volchansk,1486984,20,RU,1529783226,64,59.94,60.08,62.49,6.78
Erenhot,2037485,92,CN,1529783226,100,43.65,111.97,64.2,12.82
Aksu,1524298,0,KZ,1529780400,82,52.04,76.93,62.6,2.24
Fasa,134721,0,IR,1529780400,17,28.94,53.65,75.2,4.7
Tezu,1254709,8,IN,1529783228,94,27.93,96.16,66.81,1.41
Salym,1493162,68,RU,1529783124,99,60.06,71.48,55.38,5.66
Bilibino,2126682,48,RU,1529783228,41,68.06,166.44,69.42,3.09
Garoua,2231320,0,CM,1529780400,78,9.31,13.39,80.6,4.7
Nioaque,3456288,0,BR,1529783229,56,-21.16,-55.83,78.51,9.35
Tinskoy,1489571,0,RU,1529783229,73,56.15,96.92,59.79,5.1
Axim,2303611,92,GH,1529783230,96,4.87,-2.24,78.6,10.02
Warri,2319133,76,NG,1529783566,95,5.52,5.75,74.82,4.76
Carutapera,3402648,88,BR,1529783074,76,-1.2,-46.02,82.56,11.36
Heze,1808198,0,CN,1529783231,80,35.25,115.45,72.75,9.91
Chara,262462,75,GR,1529779800,88,39.42,22.43,69.8,2.98
Beringovskiy,2126710,88,RU,1529783026,100,63.05,179.32,42.51,9.13
Bolshoy Lug,2016764,0,RU,1529780400,87,52.08,104.09,51.8,2.24
Calbuco,3897334,40,CL,1529780400,65,-41.77,-73.13,44.6,8.05
Kolosovka,1502879,48,RU,1529783232,82,56.47,73.61,53.94,6.89
Linxia,1803331,76,CN,1529783269,93,35.6,103.21,53.13,2.53
Beba,3543961,75,CU,1529779800,55,22.44,-79.73,89.6,8.05
Selenduma,2017063,12,RU,1529783234,87,50.92,106.24,51.78,4.76
Xiaolingwei,1790100,0,CN,1529780400,100,32.03,118.85,68.0,2.24
Yeniseysk,1485997,0,RU,1529783234,60,58.45,92.17,64.92,6.11
Bulgan,2032201,24,MN,1529783234,87,48.81,103.53,47.01,2.86
Tupik,2014836,88,RU,1529783235,76,54.43,119.94,58.8,3.65
Novobirilyussy,1508260,0,RU,1529783236,61,56.95,90.69,64.74,7.9
Dzhebariki-Khaya,2024626,92,RU,1529783081,59,62.22,135.8,62.85,3.2
Bayir,304183,0,TR,1529781600,69,37.27,28.22,77.0,2.24
Buraydah,107304,0,SA,1529780400,24,26.33,43.97,93.2,6.93
Ulaangom,1515029,0,MN,1529783088,76,49.98,92.07,41.16,2.64
Stepnogorsk,1537939,44,KZ,1529783237,69,52.35,71.88,59.79,3.87
Lukaya,232490,8,UG,1529783237,91,-0.15,31.87,61.68,3.42
Lebu,344979,88,ET,1529783238,79,8.96,38.73,53.4,1.3
Malumfashi,2331005,64,NG,1529783238,95,11.79,7.62,69.33,3.53
Sherlovaya Gora,2016735,92,RU,1529783238,97,50.53,116.31,58.53,7.11
Bumba,217745,24,CD,1529783239,96,2.18,22.47,72.3,3.98
Mecca,104515,0,SA,1529780400,27,21.43,39.83,100.4,2.24
Alta Floresta,6316343,0,BR,1529780400,36,-9.87,-56.08,91.4,5.82
Ossora,2122389,0,RU,1529783240,97,59.24,163.07,48.81,3.87
Oeiras,3393764,0,BR,1529783134,31,-7.01,-42.13,85.71,8.9
Yendi,2293801,24,GH,1529783240,83,9.45,0.0,77.97,5.21
Megion,1499053,75,RU,1529780400,93,61.04,76.11,57.2,15.66
Aguai,6535956,40,IT,1529779800,43,46.3,11.4,73.4,8.05
Trairi,3386177,20,BR,1529783241,100,-3.28,-39.27,80.58,22.66
Jega,2336237,12,NG,1529783241,91,12.22,4.38,76.89,6.67
Kyzyl-Suu,1527497,48,KG,1529783242,100,42.34,78.0,55.11,2.19
Maragogi,3395458,92,BR,1529783242,84,-9.01,-35.22,75.9,10.47
Trelew,3833883,0,AR,1529783132,33,-43.25,-65.31,38.46,14.5
Abha,110690,0,SA,1529780400,13,18.22,42.5,78.8,13.87
Komsomolskiy,1486910,0,RU,1529783243,77,67.55,63.78,50.34,10.25
Pospelikha,1494331,36,RU,1529783243,95,51.99,81.83,60.78,3.2
Sitrah,290104,5,BH,1529780400,32,26.15,50.62,93.2,9.17
Vanavara,2013727,0,RU,1529783248,88,60.35,102.28,58.8,2.42
Jacobina,3460344,24,BR,1529783248,56,-11.19,-40.51,73.56,11.92
Verkhoturye,1487219,8,RU,1529783248,74,58.86,60.81,62.94,6.22
Xinyang,1788534,56,CN,1529783248,84,32.13,114.07,69.6,2.19
Epe,2756071,40,DE,1529781600,62,52.18,7.04,59.0,4.7
Cherskiy,2126199,92,RU,1529783042,62,68.75,161.3,53.22,2.3
Gbadolite,216404,32,CD,1529783249,88,4.28,21.0,73.47,3.87
Jiuquan,1280957,24,CN,1529783250,84,39.73,98.49,49.35,3.98
Ouallam,2440371,36,NE,1529783250,40,14.32,2.08,90.57,8.46
Ginda,1253628,12,IN,1529783253,85,30.69,78.49,57.27,2.64
Kropotkin,540761,100,RU,1529783254,69,45.43,40.58,72.3,11.03
Zyryanka,2119283,0,RU,1529783254,57,65.73,150.89,63.12,3.76
Buchanan,2278158,75,LR,1529782200,94,5.88,-10.05,77.0,5.21
Kedrovyy,1538641,0,RU,1529780400,82,56.17,91.82,57.2,6.33
Puerto Montt,3874960,40,CL,1529780400,65,-41.47,-72.94,44.6,8.05
Graneros,3854724,64,AR,1529783255,53,-27.65,-65.44,64.56,12.26
Adre,245669,80,TD,1529783255,95,13.47,22.2,67.62,2.75
Zyryanskoye,1484892,0,RU,1529783256,65,56.83,86.62,64.47,9.91
Ust-Nera,2120048,24,RU,1529783256,57,64.57,143.24,60.33,2.53
Camapua,3468020,0,BR,1529783256,36,-19.53,-54.04,80.49,6.22
Sao Joao da Barra,3448903,0,BR,1529780400,65,-21.64,-41.05,78.8,13.87
Port-Gentil,2396518,90,GA,1529780400,83,-0.72,8.78,77.0,5.82
Sayat,1218436,0,TM,1529783257,26,38.78,63.88,84.18,11.92
Navoi,3177120,0,IT,1529781600,56,46.17,11.83,73.4,3.36
Yantal,2055868,0,RU,1529783258,85,56.85,105.25,54.48,3.42
Taguatinga,3469058,20,BR,1529780400,25,-15.83,-48.06,77.0,11.41
Mercedes,3441684,8,UY,1529783100,66,-33.25,-58.03,55.2,13.27
Yerbogachen,2012956,0,RU,1529783259,90,61.28,108.01,61.05,2.64
Abu Zabad,380348,68,SD,1529783085,76,12.35,29.25,74.01,6.22
Ancud,3899695,0,CL,1529783260,69,-41.87,-73.83,42.06,3.2
Talaya,1485724,92,RU,1529783260,92,55.79,84.89,61.95,3.65
Ibirite,3461563,75,BR,1529780400,50,-20.02,-44.06,77.0,11.41
Hovd,7626384,75,NO,1529781600,93,63.83,10.7,50.0,14.99
Goiatuba,3462371,0,BR,1529783261,42,-18.02,-49.36,74.55,5.44
Tommot,2015179,76,RU,1529783261,92,58.97,126.27,55.65,2.42
Rafai,236524,24,CF,1529783261,99,4.95,23.92,67.53,3.87
Najran,103630,0,SA,1529780400,14,17.54,44.22,87.8,6.93
Tyubuk,1488788,36,RU,1529783262,54,56.05,60.94,65.55,12.48
Mirandopolis,3457107,0,BR,1529783262,49,-21.13,-51.1,78.6,5.44
Mayor Pablo Lagerenza,3867427,12,PY,1529783861,35,-19.93,-60.77,89.76,21.32
Itapora,3464460,0,BR,1529783263,42,-22.08,-54.79,81.93,10.02
San Juan,4568138,90,PR,1529780160,78,18.47,-66.12,78.8,14.05
Sangmelima,2222230,68,CM,1529783025,94,2.93,11.98,69.78,1.97
Cururupu,3401148,76,BR,1529783265,72,-1.82,-44.87,82.02,9.24
Tokmak,691469,76,UA,1529783265,82,47.26,35.7,69.6,5.66
Mogadishu,53654,24,SO,1529783042,97,2.04,45.34,79.32,21.77
Bom Jardim,3405339,20,BR,1529780400,50,-7.8,-35.59,78.8,18.34
Zhicheng,1805012,56,CN,1529783267,88,35.04,112.59,70.68,3.31
Zhigalovo,2012532,0,RU,1529783268,88,54.81,105.15,49.62,2.64
Touros,3386213,56,BR,1529783269,77,-5.2,-35.46,79.23,17.74
Mangaratiba,3457991,32,BR,1529780400,73,-22.96,-44.04,82.4,8.05
Xuanwu,1799962,0,CN,1529780400,100,32.07,118.81,68.0,2.24
Jumla,1283285,80,NP,1529783270,88,29.28,82.18,38.01,2.42
Jinan,1805753,0,CN,1529783270,63,36.65,117.11,72.93,9.01
Staropyshminsk,1490962,0,RU,1529780400,77,56.94,60.9,59.0,6.71
Coihaique,3894426,75,CL,1529780400,51,-45.58,-72.07,37.4,2.24
Khor,2022317,68,RU,1529783271,95,47.88,134.96,52.5,4.65
Moron,3631878,40,VE,1529780400,55,10.49,-68.2,87.8,3.2
Arinos,3471522,0,BR,1529783272,43,-15.92,-46.11,74.64,4.76
Serra,3447779,20,BR,1529780400,74,-20.13,-40.31,80.6,13.87
Kirensk,2022083,48,RU,1529783272,84,57.78,108.12,59.07,4.21
Awjilah,88533,0,LY,1529783079,37,29.14,21.3,81.66,4.65
Bosobolo,2316473,80,CD,1529783273,90,4.19,19.88,73.56,0.63
Lagos,2332459,20,NG,1529780400,94,6.46,3.39,77.0,2.24
Salvador,3450554,40,BR,1529780400,69,-12.98,-38.48,82.4,9.17
Horqueta,3480780,32,PY,1529783274,44,-23.34,-57.05,83.1,7.0
Mao,3496831,75,DO,1529780400,100,19.55,-71.08,87.8,27.51
Coxim,3465228,44,BR,1529783275,43,-18.5,-54.75,82.11,3.98
Aden,415189,8,YE,1529783275,94,12.79,45.03,84.09,2.75
Ribas do Rio Pardo,3451399,12,BR,1529783275,36,-20.45,-53.76,80.94,6.22
Gao,2457163,76,ML,1529783276,29,16.28,-0.04,93.72,5.44
Cavalcante,3466594,0,BR,1529783276,37,-13.79,-47.46,74.19,5.21
Peruibe,3454061,0,BR,1529783277,100,-24.32,-47.0,70.41,8.01
Dongkan,1812427,0,CN,1529783277,86,34.0,119.83,63.39,8.01
Bitam,2401578,92,GA,1529783277,92,2.08,11.49,71.58,2.42
Vagay,1487860,32,RU,1529783277,97,57.94,69.02,57.0,5.21
Aracaju,3471872,40,BR,1529780400,65,-10.92,-37.08,82.4,13.87
Vila Velha,6320062,0,BR,1529780400,62,-3.71,-38.6,84.2,20.8
Guanambi,3461973,32,BR,1529783278,62,-14.22,-42.78,73.38,12.26
Minab,123941,0,IR,1529780400,79,27.15,57.07,89.6,6.93
ChengDe,2038087,0,CN,1529783279,85,40.97,117.93,63.93,2.98
Khuzhir,2022143,24,RU,1529783279,76,53.19,107.35,55.11,7.67
Maine-Soroa,2441447,0,NE,1529783280,59,13.21,12.02,82.92,10.13
Simoes,3387625,0,BR,1529783280,37,-7.6,-40.82,82.11,12.03
Leh,1264976,88,IN,1529783281,100,34.16,77.58,30.36,1.63
Kachiry,1523662,0,KZ,1529783281,81,53.07,76.1,57.81,2.75
Mega,331259,80,ET,1529783281,93,4.06,38.32,61.23,5.44
Itarantim,3460622,100,BR,1529783281,97,-15.65,-40.06,68.61,3.76
Puerto Quijarro,3465342,20,BO,1529780400,58,-19.0,-57.72,87.8,12.75
Umm Lajj,100926,0,SA,1529783282,69,25.02,37.27,84.72,8.23
Xining,1788852,68,CN,1529783285,79,36.62,101.77,55.11,2.64
Camacari,3468031,40,BR,1529780400,69,-12.7,-38.32,82.4,9.17
Kazerun,128321,0,IR,1529783286,50,29.62,51.65,65.1,1.52
Ola,2122574,0,RU,1529780400,75,59.58,151.3,46.4,2.24
Armizonskoye,1511382,36,RU,1529783287,92,55.95,67.67,57.18,5.44
Itupiranga,3397851,20,BR,1529780400,34,-5.13,-49.33,96.8,5.82
Cordoba,3686513,48,CO,1529783287,44,5.59,-73.79,65.64,1.3
Jijiga,333795,92,ET,1529783288,53,9.35,42.8,68.52,1.63
Victoria,1733782,75,BN,1529780400,94,5.28,115.24,78.8,5.99
Vitim,2013375,68,RU,1529783288,88,59.44,112.57,57.45,2.98
Huangmei,1807339,76,CN,1529783289,94,30.1,115.95,75.27,5.21
Korem,332746,0,ET,1529783289,75,12.51,39.52,53.49,2.75
Tilichiki,2120591,68,RU,1529783289,86,60.47,166.1,50.7,3.87
Lasa,146639,20,CY,1529782200,83,34.92,32.53,75.2,5.82
Darhan,2031964,36,MN,1529783290,72,49.49,105.92,54.75,5.99
Marsa Matruh,352733,0,EG,1529780400,69,31.35,27.25,77.0,9.17
Gambela,337405,76,ET,1529783012,95,8.25,34.59,61.68,2.53
Bogandinskiy,1509902,40,RU,1529780400,93,56.89,65.89,57.2,11.18
Ler,3146125,75,NO,1529781600,93,63.2,10.3,50.0,14.99
Coruripe,3465329,0,BR,1529783292,92,-10.12,-36.18,78.96,15.84
Vaini,1273574,92,IN,1529783292,99,15.34,74.49,69.06,4.76
Esna,675840,0,RO,1529783130,77,45.2,27.57,56.82,6.67
Jaicos,3397660,0,BR,1529783293,31,-7.36,-41.14,85.98,10.36
Massakory,2428228,76,TD,1529783293,75,13.0,15.73,81.39,6.55
Batagay-Alyta,2027042,0,RU,1529783053,41,67.8,130.41,67.62,2.42
Kungurtug,1501377,20,RU,1529783294,85,50.6,97.53,39.81,2.53
Biltine,244878,64,TD,1529783899,72,14.53,20.93,75.0,10.02
Novo Aripuana,3663142,20,BR,1529783294,57,-5.12,-60.38,87.78,2.19
Caxambu,3466547,32,BR,1529783298,64,-21.98,-44.93,62.76,2.98
Bilma,2446796,44,NE,1529783298,32,18.69,12.92,86.16,4.65
Lensk,2020838,8,RU,1529783299,86,60.71,114.91,59.7,2.42
Turinsk,1488933,44,RU,1529783299,92,58.04,63.7,58.08,7.11
Tabory,3099842,32,PL,1529783299,90,53.89,19.53,48.63,4.21
Orlik,1496073,0,RU,1529783300,92,52.51,99.83,33.51,1.86
Kaz,1489779,32,RU,1529783300,83,53.11,87.55,58.26,2.19
Ulety,2014369,92,RU,1529783300,81,51.36,112.48,54.03,3.76
Pitimbu,3391889,75,BR,1529781780,69,-7.47,-34.81,78.8,13.87
Wuwei,1803936,64,CN,1529783301,95,37.93,102.64,55.2,2.86
Moissala,2427697,76,TD,1529783301,83,8.34,17.77,73.56,9.24
At-Bashi,1528796,8,KG,1529783302,89,41.17,75.81,37.29,1.63
Khandyga,2022773,92,RU,1529783123,59,62.65,135.58,62.85,3.2
Sangar,2017215,92,RU,1529783302,81,63.92,127.47,61.59,2.42
Altay,1529651,0,CN,1529783302,72,47.83,88.13,42.51,2.86
Puyang,1798422,0,CN,1529783303,74,35.76,115.02,74.37,10.13
Bayanday,2027004,0,RU,1529783303,89,53.07,105.52,49.89,3.09
Edd,338345,92,ER,1529783306,33,13.93,41.69,86.88,4.09
Seymchan,2121373,56,RU,1529783307,30,62.93,152.39,68.43,4.43
Palana,2122262,0,RU,1529783307,72,59.08,159.95,55.2,3.31
Kosh-Agach,1502422,0,RU,1529783308,81,49.99,88.66,35.76,2.53
Yining,1786538,80,CN,1529783308,99,29.04,114.56,72.48,2.64
General Pico,3855075,0,AR,1529783262,31,-35.66,-63.75,47.73,14.05
Makurdi,2331140,88,NG,1529783309,100,7.73,8.54,70.14,7.0
Sao Felix do Xingu,3388847,24,BR,1529783309,39,-6.64,-51.99,89.67,3.98
Zhangye,1785036,64,CN,1529783309,82,38.94,100.46,59.34,2.64
Luba,1705460,64,PH,1529783310,90,17.32,120.7,72.03,3.31
Villa Maria,3688689,40,CO,1529780400,55,4.5,-74.09,84.2,9.17
Jaciara,3460355,12,BR,1529783310,36,-15.95,-54.98,82.65,4.76
Kolpashevo,1502862,64,RU,1529783310,85,58.31,82.9,59.34,4.88
Hazorasp,1513957,0,UZ,1529780400,40,41.32,61.08,69.8,4.7
Riyadh,108410,0,SA,1529780400,11,24.63,46.72,91.4,5.82
Guozhen,1927639,92,CN,1529783311,90,29.3,113.14,78.24,2.19
Jardim,3460087,0,BR,1529783312,45,-21.48,-56.15,81.48,12.71
Sarakhs,1159716,8,TM,1529780400,27,36.54,61.16,87.8,9.17
Nizhniy Ufaley,520473,8,RU,1529783312,63,55.91,59.99,60.87,6.78
Neuquen,3843123,0,AR,1529780400,26,-38.95,-68.06,48.2,8.05
Olinda,3650121,75,EC,1529780400,61,-2.03,-79.75,80.6,5.82
Conde,3465713,80,BR,1529783200,80,-11.81,-37.61,78.06,11.81
Guaruja,3461789,32,BR,1529780400,78,-23.99,-46.26,78.8,5.82
Mitzic,2398283,36,GA,1529783314,97,0.78,11.55,69.96,2.42
Ouricuri,3393452,0,BR,1529783314,39,-7.88,-40.08,80.13,11.81
Klyuchi,1503153,80,RU,1529783315,96,52.25,79.17,62.4,2.64
Rikitea,4030556,48,PF,1529783315,100,-23.12,-134.97,76.35,14.05
Mandalgovi,2030065,100,MN,1529783316,88,45.76,106.27,57.18,13.49
Crixas,3465145,0,BR,1529783316,40,-14.55,-49.97,78.33,4.21
Abu Samrah,172515,0,SY,1529783316,70,35.3,37.18,70.77,11.25
Tamandare,3661980,12,BR,1529783317,62,-8.28,-70.75,86.61,3.42
Umm Kaddadah,364933,64,SD,1529783317,50,13.6,26.69,77.34,6.89
Mujiayingzi,2035707,0,CN,1529783317,84,42.12,118.78,62.31,2.75
Kurchum,1521762,92,KZ,1529783318,65,48.57,83.65,69.15,2.64
Jinchang,1805733,56,CN,1529783318,94,38.52,102.19,56.91,2.86
Imbituba,3461370,0,BR,1529780400,73,-28.24,-48.67,71.6,6.93
Zaria,2317765,44,NG,1529783318,97,11.11,7.72,68.34,3.2
Priiskovyy,2017632,92,RU,1529783319,98,51.93,116.63,59.7,10.47
Eyl,60019,68,SO,1529783125,72,7.98,49.82,82.2,25.79
Shihezi,1529195,0,CN,1529783319,50,44.3,86.03,65.73,4.09
Abai,1514292,20,KZ,1529780400,30,41.35,68.95,82.4,6.93
Maceio,3395981,20,BR,1529780400,57,-9.67,-35.74,80.6,9.17
Abu Dhabi,292968,0,AE,1529780400,62,24.47,54.37,89.6,9.17
Gazojak,1514792,0,TM,1529783321,32,41.19,61.4,74.55,10.25
Krasnoye,500060,40,RU,1529780400,94,44.87,39.46,69.8,4.47
Chulym,1507679,8,RU,1529783322,75,55.09,80.97,60.51,2.53
Evensk,2125693,0,RU,1529783322,74,61.92,159.24,53.85,4.88
Yuanping,1786060,36,CN,1529783322,87,38.72,112.71,60.51,2.08
Lugovoy,1498919,8,RU,1529783323,95,59.72,65.88,55.56,9.24
Livramento,3663517,40,BR,1529780400,49,-3.03,-60.18,89.6,9.17
Zakamensk,2012728,56,RU,1529783323,89,50.38,103.29,42.06,1.41
Bocaiuva,3469601,0,BR,1529783323,51,-17.12,-43.81,72.21,6.33
Prado,3452483,36,BR,1529783324,99,-17.34,-39.22,76.62,9.91
Ginir,336454,8,ET,1529783324,83,7.14,40.71,59.34,5.21
Tanhacu,3446971,24,BR,1529783325,85,-14.02,-41.25,67.08,4.09
Portel,2263974,0,PT,1529780400,54,38.31,-7.71,82.4,9.24
Joao Pinheiro,3459785,64,BR,1529783325,51,-17.74,-46.17,73.65,5.1
General Roca,3855065,0,AR,1529780400,26,-39.03,-67.58,48.2,8.05
Santa Ines,3654870,75,EC,1529780400,59,-0.82,-78.63,60.8,18.34
Miguelopolis,3457192,44,BR,1529783326,55,-20.18,-48.03,73.83,3.76
Rio Gallegos,3838859,40,AR,1529780400,64,-51.62,-69.22,35.6,12.75
Chabahar,1161724,0,IR,1529783327,99,25.29,60.65,87.15,9.24
Lisakovsk,1521315,88,KZ,1529783330,47,52.55,62.49,69.51,9.8
Hohhot,2036892,40,CN,1529780400,53,40.81,111.65,73.4,6.71
Alta Gracia,3866163,0,AR,1529780400,23,-31.66,-64.43,64.4,23.04
Wanxian,1791748,80,CN,1529783331,95,30.8,108.39,69.69,2.64
Say,2439812,0,NE,1529780400,78,13.1,2.36,77.0,5.82
Podgornoye,1494790,56,RU,1529783332,81,57.79,82.64,61.68,3.2
Awbari,2219235,0,LY,1529783332,20,26.59,12.77,81.93,6.44
Lenger,1521379,75,KZ,1529780400,49,42.18,69.89,73.4,11.18
Rebrikha,1493722,44,RU,1529783333,98,53.08,82.34,61.05,2.98
Ayagoz,1525988,24,KZ,1529783333,69,47.96,80.43,59.43,1.97
Zalesovo,1485528,68,RU,1529783333,85,54.0,84.74,64.92,6.78
Verkhoyansk,2013465,0,RU,1529783073,42,67.55,133.39,71.4,3.65
Kachug,2023333,12,RU,1529783335,88,53.96,105.89,52.32,4.65
Monte Alegre,3394605,12,BR,1529783336,84,-2.0,-54.07,79.59,2.64
Barao de Melgaco,3470871,0,BR,1529780400,26,-16.19,-55.97,91.4,14.99
Birao,240210,48,CF,1529783337,93,10.3,22.78,72.57,3.2
Kathmandu,1283240,75,NP,1529779800,94,27.71,85.32,71.6,4.7
Changji,1790885,36,CN,1529783338,96,32.07,116.17,69.69,4.88
Caravelas,3466980,92,BR,1529783338,100,-17.73,-39.27,76.53,10.92
Gat,2249901,56,SN,1529783339,79,14.69,-16.54,77.07,8.79
Mokhsogollokh,2019867,68,RU,1529783339,91,61.4,128.95,59.52,3.31
Santo Antonio do Sudoeste,3449479,8,BR,1529783339,51,-26.07,-53.73,75.63,5.77
Sao Miguel do Araguaia,3448455,0,BR,1529783340,65,-13.28,-50.16,76.8,5.1
Srednekolymsk,2121025,12,RU,1529783054,69,67.46,153.71,58.35,3.98
Estrela,3459035,56,BR,1529783340,52,-29.5,-51.96,73.38,7.11
Pocone,3453315,20,BR,1529783340,47,-16.26,-56.62,84.9,5.1
Gazli,1513990,0,UZ,1529783344,19,40.13,63.45,82.11,14.38
Concordia,3435261,75,AR,1529780400,72,-31.4,-58.02,59.0,11.41
Amga,2027786,64,RU,1529783344,85,60.89,131.98,60.06,2.53
Sar-e Pul,1127110,0,AF,1529783345,57,36.22,65.93,55.2,4.43
Gari,1506676,56,RU,1529783345,83,59.43,62.35,59.43,6.89
Viedma,3832899,0,AR,1529783345,41,-40.81,-62.99,41.25,18.86
Ilhabela,3461425,64,BR,1529783346,97,-23.78,-45.36,72.66,6.78
Adet,345353,8,ET,1529783346,95,11.26,37.49,53.58,3.42
San Joaquin,1689597,76,PH,1529783346,100,10.59,122.14,75.0,2.42
Zhigansk,2012530,68,RU,1529783347,51,66.77,123.37,67.53,2.75
Ziarat,1162094,0,PK,1529783347,56,30.38,67.73,48.99,3.42
Tres Arroyos,3833859,76,AR,1529783201,46,-38.38,-60.28,44.31,24.34
Yaan,2338660,92,NG,1529783348,99,7.38,8.57,69.51,9.01
Cachoeira do Sul,3468436,80,BR,1529783348,76,-30.05,-52.89,68.97,12.71
Muscat,287286,0,OM,1529779800,30,23.6,58.55,93.2,3.36
Kaabong,233093,8,UG,1529783349,89,3.51,34.14,55.47,2.75
Shitanjing,1794971,92,CN,1529783349,63,39.23,106.34,67.44,2.75
Anloga,2304548,20,GH,1529780400,88,5.79,0.9,77.0,10.29
Aguas Belas,3408166,0,BR,1529783208,62,-9.11,-37.12,73.11,11.25
Mizan Teferi,330534,44,ET,1529783350,92,6.99,35.58,57.18,1.97
Diapaga,2361373,32,BF,1529783350,67,12.07,1.79,80.49,10.58
Kholodnyy,2124611,56,RU,1529783351,44,62.72,147.95,63.75,3.65
Boguchany,1509844,0,RU,1529783351,87,58.38,97.46,56.64,2.64
Oskemen,1520316,75,KZ,1529780400,77,49.96,82.61,64.4,8.95
Rawson,3839307,0,AR,1529783352,33,-43.3,-65.11,38.46,14.5
Barreirinha,3406202,56,BR,1529783352,94,-2.8,-57.07,77.34,6.22
Natal,3394023,20,BR,1529780400,58,-5.81,-35.21,82.4,18.34
Boda,1185141,92,BD,1529783353,97,26.2,88.56,75.36,6.67
Belmonte,8010472,0,PT,1529783353,73,40.36,-7.35,73.2,3.09
Jamestown,2069194,0,AU,1529783203,69,-33.21,138.6,27.03,2.64
Nizwa,286987,24,OM,1529783354,24,22.93,57.53,80.58,2.75
Faya,110690,0,SA,1529780400,13,18.39,42.45,78.8,13.87
Laguna,4013704,20,MX,1529779320,24,27.52,-110.01,91.4,9.17
Boa Viagem,3405616,0,BR,1529783355,41,-5.13,-39.73,80.58,7.0
Camocim,3403687,92,BR,1529783283,55,-2.9,-40.84,85.8,10.58
Taywarah,1122464,0,AF,1529783356,42,33.35,64.42,49.98,3.53
Hami,1529484,0,CN,1529783356,50,42.84,93.51,66.0,8.01
Waddan,2209055,0,LY,1529783356,33,29.16,16.14,83.28,14.5
Macheng,1801582,76,CN,1529783356,96,31.18,115.03,72.93,2.42
Malanville,2392837,12,NE,1529783357,88,11.86,3.39,77.97,7.0
Araguaina,3407357,0,BR,1529783357,31,-7.19,-48.21,89.4,6.78
Goya,3433715,100,AR,1529783357,100,-29.14,-59.27,59.7,18.07
Saskylakh,2017155,8,RU,1529783358,68,71.97,114.09,71.94,5.66
Valdivia,3868707,0,CL,1529780400,61,-39.81,-73.25,50.0,6.93
Porangatu,3453014,0,BR,1529783358,56,-13.44,-49.14,75.45,4.76
Teguldet,1489822,8,RU,1529783139,66,57.31,88.17,65.55,3.87
Khani,610864,40,GE,1529780400,88,41.96,42.96,73.4,2.24
Panjab,1131162,0,AF,1529783359,84,34.38,67.02,34.68,1.97
Shu,1519030,100,KZ,1529783360,34,43.6,73.76,77.88,6.78
Sao Raimundo das Mangabeiras,3388147,0,BR,1529783113,34,-7.02,-45.48,87.96,8.46
Umarizal,3385826,0,BR,1529783360,41,-5.99,-37.82,84.81,11.14
Caceres,3679277,12,CO,1529783360,58,5.53,-74.53,81.57,1.97
Shache,1280037,0,CN,1529783364,76,38.42,77.24,60.15,5.32
Mangan,1263776,92,IN,1529783364,98,27.5,88.54,46.74,1.19
Rongai,181135,92,KE,1529783364,98,-0.17,35.86,54.3,2.64
Bell Ville,3864331,0,AR,1529783365,39,-32.63,-62.69,57.0,18.07
Jiaozuo,1805987,68,CN,1529783365,91,35.21,113.25,65.55,2.42
Emba,146639,20,CY,1529782200,83,34.81,32.42,75.2,5.82
Vilhena,3924679,0,BR,1529780400,42,-12.74,-60.15,84.2,10.29
Nalut,2214433,0,LY,1529783366,34,31.86,10.98,78.69,6.22
Ereymentau,1524302,8,KZ,1529783366,75,51.62,73.1,57.45,2.75
Chifeng,2038067,0,CN,1529783366,84,42.27,118.96,62.31,2.75
Coquimbo,3893629,40,CL,1529780400,67,-29.95,-71.34,57.2,4.7
Jizan,105299,5,SA,1529780400,44,16.89,42.56,96.8,4.7
Tabou,2281120,44,CI,1529783367,100,4.42,-7.36,78.87,10.47
Ouadda,236901,88,CF,1529783368,93,8.07,22.4,68.43,4.21
Obo,236950,36,CF,1529783368,94,5.39,26.49,63.21,2.98
Carambei,3467042,0,BR,1529783368,68,-24.92,-50.1,64.56,5.99
Chapada dos Guimaraes,3466307,0,BR,1529780400,26,-15.46,-55.75,91.4,14.99
Along,1278969,92,IN,1529783369,98,28.17,94.8,67.53,1.63
Barra do Bugres,3470718,8,BR,1529783369,75,-15.07,-57.19,80.22,4.65
Quetta,1167528,0,PK,1529783370,70,30.19,67.02,52.5,2.19
Krasnoarmeysk,542463,0,RU,1529780400,53,56.12,38.15,77.0,11.18
San Carlos,3628503,40,VE,1529780400,66,9.66,-68.59,84.2,4.43
Tiksi,2015306,32,RU,1529783371,53,71.64,128.87,67.35,6.55
Pindi Gheb,1168015,0,PK,1529783371,70,33.24,72.27,77.16,0.63
Cabedelo,3404558,75,BR,1529781780,69,-6.97,-34.84,78.8,13.87
Batagay,2027044,0,RU,1529783372,53,67.65,134.64,71.4,4.21
Kodinsk,1503037,0,RU,1529783372,90,58.6,99.18,56.64,2.75
Rio do Sul,3451152,0,BR,1529783372,67,-27.22,-49.64,67.53,6.33
Atagay,1511276,0,RU,1529783373,88,55.1,99.39,53.4,3.2
Vengerovo,1487615,0,RU,1529783376,85,55.68,76.74,51.51,2.75
Salalah,286621,75,OM,1529779800,83,17.01,54.1,82.4,8.05
Shieli,1524801,88,KZ,1529783377,27,44.18,66.74,74.1,6.22
Iranshahr,1160939,0,IR,1529780400,22,27.21,60.69,100.4,6.93
Terra Santa,3386467,24,BR,1529783378,75,-2.1,-56.49,83.1,4.99
Surt,2210554,0,LY,1529783378,96,31.21,16.59,72.93,7.67
Pontes e Lacerda,3453060,32,BR,1529783378,60,-15.23,-59.33,81.39,5.44
Bouca,2387890,44,CF,1529783415,90,6.51,18.28,73.65,3.65
Bakchar,1511057,36,RU,1529783379,90,57.02,82.07,58.62,2.42
Aguas Formosas,3472864,80,BR,1529783379,74,-17.08,-40.94,72.21,8.12
Punta Arenas,3874787,90,CL,1529780400,100,-53.16,-70.91,33.8,18.34
Asosa,343292,76,ET,1529783380,99,10.07,34.53,62.13,2.75
Samarkand,1216265,76,UZ,1529780400,29,39.65,66.98,77.0,9.17
Valparaiso,4927537,90,US,1529782500,60,41.47,-87.06,78.8,9.17
Zemio,235826,36,CF,1529783381,95,5.02,25.13,64.47,2.19
Santa Rosa,3835994,0,AR,1529783384,26,-36.62,-64.29,43.14,14.05
Wagar,4069458,0,US,1529783384,50,31.44,-87.99,94.26,6.67
Abonnema,2324433,75,NG,1529780400,94,4.71,6.79,73.4,11.41
Entre Rios,3464100,80,BR,1529783385,80,-11.94,-38.08,78.06,11.81
Ganganagar,1252822,100,IN,1529783385,93,16.78,77.13,73.83,9.01
Barra do Garcas,3470709,0,BR,1529783385,38,-15.89,-52.26,80.58,5.32
Rafaela,3839479,8,AR,1529783386,60,-31.25,-61.49,56.64,14.72
Pasighat,1260206,80,IN,1529783386,96,28.06,95.33,69.06,1.97
Kyzyl-Mazhalyk,1500957,0,RU,1529783386,75,51.15,90.58,48.45,4.99
Chishtian Mandi,1181073,12,PK,1529783387,72,29.8,72.87,81.39,2.53
Tapiramuta,3446866,20,BR,1529783387,66,-11.85,-40.79,72.21,9.46
Sayyan,70979,24,YE,1529783387,25,15.17,44.32,63.93,6.22
Ouesso,2255564,92,CG,1529783387,100,1.61,16.05,69.6,2.42
Numan,2328617,0,NG,1529783388,98,9.46,12.04,70.95,8.68
Yuncheng,1785738,0,CN,1529783389,90,35.03,111.0,63.39,2.3
Morros,3398381,40,BR,1529780400,66,-2.87,-44.04,87.8,8.05
Batalha,2271006,0,PT,1529780400,64,39.66,-8.82,73.4,6.93
Takoradi,2294915,92,GH,1529783333,94,4.89,-1.75,76.98,7.23
Aksha,2028028,92,RU,1529783390,100,50.28,113.29,58.26,5.32
Tyup,1527121,20,KG,1529783390,89,42.73,78.36,43.95,3.65
Carahue,3896774,0,CL,1529783391,97,-38.71,-73.16,45.39,6.44
Koshurnikovo,1502096,0,RU,1529783391,86,54.3,93.39,49.53,2.19
Toritama,3386264,20,BR,1529783391,66,-8.01,-36.06,73.02,10.25
Makushino,1500036,80,RU,1529783392,96,55.21,67.25,57.63,3.2
Businga,217637,12,CD,1529783392,93,3.34,20.89,69.24,2.64
Kichera,2022129,92,RU,1529783392,99,55.93,110.1,51.06,2.42
Semey,1519422,44,KZ,1529783393,71,50.41,80.25,66.54,5.44
Owando,2255542,8,CG,1529783393,96,-0.49,15.91,69.6,1.63
Baoro,2389804,20,CF,1529783394,95,5.69,15.95,69.6,5.44
Arua,235039,48,UG,1529783394,90,3.02,30.91,65.55,2.3
Alekseyevsk,2022083,56,RU,1529783394,81,57.84,108.35,59.43,4.65
Camaragibe,3403741,40,BR,1529780400,65,-8.02,-34.98,80.6,16.11
Weinan,1791636,0,CN,1529780400,65,34.5,109.46,78.8,6.71
Anadyr,2127202,90,RU,1529780400,93,64.73,177.51,46.4,6.71
Mataura,6201424,56,NZ,1529783395,81,-46.19,168.86,41.25,13.49
Conceicao do Araguaia,3401845,0,BR,1529783396,32,-8.26,-49.26,89.4,4.99
Bondo,218253,68,CD,1529783396,98,3.81,23.69,70.41,1.97
Isiro,215771,36,CD,1529783396,96,2.77,27.62,66.27,2.19
Xuddur,49747,24,SO,1529783397,64,4.12,43.89,76.08,15.28
Mikhaylovka,2015842,56,RU,1529783397,84,52.96,103.29,53.13,3.98
Makokou,2399371,32,GA,1529783397,96,0.56,12.85,71.58,2.08
Bandarbeyla,64814,20,SO,1529783398,77,9.49,50.81,78.42,31.83
Petropavlovka,2017979,0,RU,1529783398,87,50.61,105.32,48.45,3.2
Sertanopolis,3447658,0,BR,1529780400,37,-23.06,-51.04,84.2,3.36
Piacabucu,3454005,0,BR,1529783399,66,-10.41,-36.43,76.8,12.03
Abong Mbang,2236053,64,CM,1529783399,95,3.98,13.18,67.53,1.52
Namtsy,2019488,88,RU,1529783399,69,62.72,129.66,62.58,1.97
Marawi,1701054,88,PH,1529783400,100,8.0,124.29,69.6,1.97
Shushenskoye,1491953,0,RU,1529780400,82,53.33,91.95,57.2,2.24
Baruun-Urt,2032614,92,MN,1529783400,69,46.68,113.28,68.16,16.06
Amambai,3472391,0,BR,1529783401,43,-23.11,-55.23,79.68,9.35
Dosso,2445488,32,NE,1529783402,69,13.05,3.19,82.02,7.0
Itaituba,3397967,20,BR,1529780400,46,-4.26,-55.99,93.2,3.42
Esperantinopolis,3400739,0,BR,1529783403,58,-4.87,-44.71,83.01,3.76
Erzin,296852,75,TR,1529781600,73,36.95,36.2,78.8,6.93
Zabol,1113217,0,IR,1529780400,40,31.03,61.49,87.8,11.41
Gurupi,3461724,0,BR,1529783405,60,-11.73,-49.07,80.31,2.64
